ID,Serotype,Invasiveness,cba,cbpA,cbpD,cbpG,cps4A,cps4B,cps4C,cps4D,cps4E,cps4F,cps4G,cps4H,cps4I,cps4J,cps4K,cps4L,cpsB,cpsF,galE,hasC,hysA,lytA,lytB,lytC,nanA,nanB,pavA,pavB/pfbB,pce,pfbA,pitA,pitB,ply,psaA,pspA,pspC/cbpA,rrgA,rrgB,rrgC,sipA,srtC-1/srtB,srtC-2/srtC,srtC-3/srtD,srtG1,srtG2,zmpC,NUM_FOUND
MSD_CRL_SPN_01,19F,DISEASE,no,yes,yes,yes,yes,yes,yes,yes,no,no,no,no,no,no,no,no,yes,no,no,yes,yes,yes,yes,yes,yes,yes,yes,yes,yes,yes,yes,yes,yes,yes,yes,yes,yes,yes,yes,yes,yes,yes,yes,yes,yes,no,34
MSD_CRL_SPN_02,23F,DISEASE,yes,yes,yes,yes,yes,yes,yes,no,no,no,no,no,no,no,no,no,yes,no,no,yes,yes,yes,yes,yes,yes,yes,yes,yes,yes,yes,no,no,yes,yes,yes,yes,no,no,no,no,no,no,no,no,no,no,23
MSD_CRL_SPN_03,18C,DISEASE,no,yes,yes,yes,yes,yes,yes,yes,no,no,no,no,no,no,no,no,yes,no,no,yes,yes,yes,yes,yes,yes,yes,yes,yes,yes,yes,no,no,yes,yes,yes,yes,no,no,no,no,no,no,no,no,no,no,23
MSD_CRL_SPN_04,35B,CARRIAGE,no,yes,yes,yes,yes,yes,yes,no,no,no,no,no,no,no,no,no,yes,no,no,yes,yes,yes,yes,yes,yes,yes,yes,yes,yes,yes,no,no,yes,yes,yes,yes,no,no,no,no,no,no,no,no,no,no,22
MSD_CRL_SPN_05,23F,DISEASE,yes,yes,yes,yes,yes,yes,yes,no,no,no,no,no,no,no,no,no,yes,no,no,yes,yes,yes,yes,yes,yes,yes,yes,yes,yes,yes,no,no,yes,yes,yes,yes,no,no,no,no,no,no,no,no,no,no,23
MSD_CRL_SPN_06,19A,CARRIAGE,no,yes,yes,yes,yes,yes,yes,no,no,no,no,no,no,no,no,no,yes,no,no,yes,yes,yes,yes,yes,yes,yes,yes,yes,yes,yes,yes,yes,yes,yes,yes,yes,yes,yes,yes,yes,yes,yes,yes,yes,yes,no,33
MSD_CRL_SPN_07,6E(6B),DISEASE,no,yes,yes,yes,yes,yes,yes,no,no,no,no,no,no,no,no,no,yes,no,no,yes,yes,yes,yes,yes,yes,yes,yes,yes,yes,yes,no,no,yes,yes,yes,yes,yes,yes,yes,no,yes,yes,yes,no,no,no,28
MSD_CRL_SPN_08,09V,CARRIAGE,no,no,yes,yes,yes,yes,yes,yes,no,no,no,no,no,no,no,no,yes,no,no,yes,yes,yes,yes,yes,yes,yes,yes,yes,yes,yes,no,no,yes,yes,yes,yes,yes,yes,yes,no,yes,yes,yes,no,no,no,28
MSD_CRL_SPN_09,4,CARRIAGE,no,yes,yes,yes,yes,yes,yes,yes,yes,yes,yes,yes,yes,yes,yes,yes,yes,no,yes,yes,yes,yes,yes,yes,yes,yes,yes,yes,yes,yes,no,no,yes,yes,yes,no,yes,yes,yes,no,yes,yes,yes,no,no,yes,38
MSD_CRL_SPN_10,23F,CARRIAGE,no,yes,yes,yes,yes,yes,yes,no,no,no,no,no,no,no,no,no,yes,no,no,yes,yes,yes,yes,yes,yes,yes,yes,yes,yes,yes,no,no,yes,yes,yes,yes,yes,yes,yes,no,yes,yes,yes,no,no,no,28
MSD_CRL_SPN_100,17F,DISEASE,no,yes,yes,yes,yes,yes,yes,no,no,no,no,no,no,no,no,no,yes,no,yes,yes,yes,yes,yes,yes,yes,yes,yes,yes,yes,yes,no,no,yes,yes,yes,yes,no,no,no,no,no,no,no,no,no,no,23
MSD_CRL_SPN_101,19A,DISEASE,no,yes,yes,yes,yes,yes,yes,no,no,no,no,no,no,no,no,no,yes,no,no,yes,yes,yes,yes,yes,yes,yes,yes,yes,yes,yes,yes,yes,yes,yes,yes,yes,yes,yes,yes,yes,yes,yes,yes,yes,yes,no,33
MSD_CRL_SPN_102,18C,CARRIAGE,no,yes,yes,yes,yes,yes,yes,yes,no,no,no,no,no,no,no,no,yes,no,no,yes,yes,yes,yes,yes,yes,yes,yes,yes,yes,yes,no,no,yes,yes,yes,yes,no,no,no,no,no,no,no,no,no,no,23
MSD_CRL_SPN_103,19A,DISEASE,no,yes,yes,yes,yes,yes,yes,no,no,no,no,no,no,no,no,no,yes,no,no,yes,yes,yes,yes,yes,yes,yes,yes,yes,yes,yes,yes,yes,yes,yes,yes,yes,yes,yes,yes,yes,yes,yes,yes,yes,yes,no,33
MSD_CRL_SPN_104,35B,CARRIAGE,yes,yes,yes,yes,yes,yes,yes,no,no,no,no,no,no,no,no,no,yes,no,no,yes,yes,yes,yes,yes,yes,yes,yes,yes,yes,yes,no,no,yes,yes,yes,yes,yes,yes,yes,no,yes,yes,yes,no,no,no,29
MSD_CRL_SPN_105,11A,CARRIAGE,no,no,yes,yes,yes,yes,yes,no,no,no,no,no,no,no,no,no,yes,no,no,yes,yes,yes,yes,yes,yes,yes,yes,yes,yes,yes,no,no,yes,yes,yes,yes,no,no,no,no,no,no,no,no,no,no,21
MSD_CRL_SPN_106,35B,DISEASE,no,yes,yes,yes,yes,yes,yes,no,no,no,no,no,no,no,no,no,yes,no,no,yes,yes,yes,yes,yes,yes,yes,yes,yes,yes,yes,no,no,yes,yes,yes,yes,no,no,no,no,no,no,no,no,no,no,22
MSD_CRL_SPN_107,19F,CARRIAGE,no,yes,yes,yes,yes,yes,yes,yes,no,no,no,no,no,no,no,no,yes,no,no,yes,yes,yes,yes,yes,yes,yes,yes,yes,yes,yes,yes,yes,yes,yes,yes,yes,yes,yes,yes,yes,yes,yes,yes,yes,yes,no,34
MSD_CRL_SPN_108,19F,DISEASE,no,yes,yes,yes,yes,yes,yes,yes,no,no,no,no,no,no,no,no,yes,no,no,yes,yes,yes,yes,yes,yes,yes,yes,yes,yes,yes,yes,yes,yes,yes,yes,yes,yes,yes,yes,yes,yes,yes,yes,yes,yes,no,34
MSD_CRL_SPN_109,09V,CARRIAGE,no,no,yes,yes,yes,yes,yes,yes,no,no,no,no,no,no,no,no,yes,no,no,yes,yes,yes,yes,yes,yes,yes,yes,yes,yes,yes,no,no,yes,yes,yes,yes,yes,yes,yes,no,yes,yes,yes,no,no,no,28
MSD_CRL_SPN_11,23F,CARRIAGE,no,yes,yes,yes,yes,yes,yes,no,no,no,no,no,no,no,no,no,yes,no,no,yes,yes,yes,yes,yes,yes,yes,yes,yes,yes,yes,no,no,yes,yes,yes,yes,yes,yes,yes,no,yes,yes,yes,no,no,no,28
MSD_CRL_SPN_110,19F,DISEASE,no,yes,yes,yes,yes,yes,yes,yes,no,no,no,no,no,no,no,no,yes,no,no,yes,yes,yes,yes,yes,yes,yes,yes,yes,yes,yes,yes,yes,yes,yes,yes,yes,yes,yes,yes,yes,yes,yes,yes,yes,yes,no,34
MSD_CRL_SPN_111,09V,CARRIAGE,no,no,yes,yes,yes,yes,yes,yes,no,no,no,no,no,no,no,no,yes,no,no,yes,yes,yes,yes,yes,yes,yes,yes,yes,yes,yes,no,no,yes,yes,yes,yes,yes,yes,yes,no,yes,yes,yes,no,no,no,28
MSD_CRL_SPN_112,19F,DISEASE,no,yes,yes,yes,yes,yes,yes,yes,no,no,no,no,no,no,no,no,yes,no,no,yes,yes,yes,yes,yes,yes,yes,yes,yes,yes,yes,yes,yes,yes,yes,yes,yes,yes,yes,yes,yes,yes,yes,yes,yes,yes,no,34
MSD_CRL_SPN_113,15B,CARRIAGE,no,yes,yes,yes,yes,yes,yes,yes,no,no,no,no,no,no,no,no,yes,no,no,yes,yes,yes,yes,yes,yes,yes,yes,yes,yes,yes,no,no,yes,yes,yes,yes,no,no,no,no,no,no,no,no,no,no,23
MSD_CRL_SPN_114,15B,CARRIAGE,no,yes,yes,yes,yes,yes,yes,yes,no,no,no,no,no,no,no,no,yes,no,yes,yes,yes,yes,yes,yes,yes,yes,yes,yes,yes,yes,no,no,yes,yes,yes,yes,no,no,no,no,no,no,no,no,no,no,24
MSD_CRL_SPN_115,19F,CARRIAGE,no,yes,yes,yes,yes,yes,yes,yes,no,no,no,no,no,no,no,no,yes,no,no,yes,yes,yes,yes,yes,yes,yes,yes,yes,yes,yes,yes,yes,yes,yes,yes,yes,yes,yes,yes,yes,yes,yes,yes,yes,yes,no,34
MSD_CRL_SPN_116,19A,DISEASE,no,yes,yes,yes,yes,yes,yes,no,no,no,no,no,no,no,no,no,yes,no,no,yes,yes,yes,yes,yes,yes,yes,yes,yes,yes,yes,yes,yes,yes,yes,yes,yes,yes,yes,yes,yes,yes,yes,yes,yes,yes,no,33
MSD_CRL_SPN_117,23A,CARRIAGE,no,yes,yes,yes,yes,yes,yes,yes,no,no,no,no,no,no,no,no,yes,no,no,yes,yes,yes,yes,yes,yes,yes,yes,yes,yes,yes,no,no,yes,yes,yes,yes,no,no,no,no,no,no,no,no,no,no,23
MSD_CRL_SPN_118,17F,DISEASE,no,yes,yes,yes,yes,yes,yes,no,no,no,no,no,no,no,no,no,yes,no,no,yes,yes,yes,yes,yes,yes,yes,yes,yes,yes,yes,no,no,yes,yes,yes,yes,no,no,no,no,no,no,no,no,no,no,22
MSD_CRL_SPN_119,3,DISEASE,no,no,yes,yes,yes,yes,yes,yes,no,no,no,no,no,no,no,no,yes,no,no,yes,yes,yes,yes,yes,yes,yes,yes,yes,yes,yes,no,no,yes,yes,yes,yes,yes,yes,yes,no,yes,yes,yes,no,no,no,28
MSD_CRL_SPN_12,33F,CARRIAGE,no,yes,yes,yes,yes,yes,yes,no,no,no,no,no,no,no,no,no,yes,no,no,yes,yes,yes,yes,yes,yes,yes,yes,yes,yes,yes,no,no,yes,yes,yes,yes,no,no,no,no,no,no,no,no,no,yes,23
MSD_CRL_SPN_120,8,DISEASE,no,yes,yes,yes,yes,yes,yes,yes,no,no,no,no,no,no,no,no,yes,no,no,yes,yes,yes,yes,yes,yes,yes,yes,yes,yes,yes,no,no,yes,yes,yes,yes,no,no,no,no,no,no,no,no,no,no,23
MSD_CRL_SPN_121,3,CARRIAGE,no,yes,yes,yes,yes,yes,yes,yes,no,no,no,no,no,no,no,no,yes,no,no,yes,yes,yes,yes,yes,yes,yes,yes,yes,yes,yes,no,no,yes,yes,yes,yes,no,no,no,no,no,no,no,no,no,yes,24
MSD_CRL_SPN_122,19F,CARRIAGE,no,yes,yes,yes,yes,yes,yes,yes,no,no,no,no,no,no,no,no,yes,no,no,yes,yes,yes,yes,yes,yes,yes,yes,yes,yes,yes,yes,yes,yes,yes,yes,yes,yes,yes,yes,yes,yes,yes,yes,yes,yes,no,34
MSD_CRL_SPN_123,19F,DISEASE,no,yes,yes,yes,yes,yes,yes,yes,no,no,no,no,no,no,no,no,yes,no,no,yes,yes,yes,yes,yes,yes,yes,yes,yes,yes,yes,yes,yes,yes,yes,yes,yes,no,no,no,yes,no,no,no,yes,yes,no,28
MSD_CRL_SPN_124,19A,DISEASE,no,yes,yes,yes,yes,yes,yes,no,no,no,no,no,no,no,no,no,yes,no,no,yes,yes,yes,yes,yes,yes,yes,yes,yes,yes,yes,yes,yes,yes,yes,yes,yes,yes,yes,yes,yes,yes,yes,yes,yes,yes,no,33
MSD_CRL_SPN_125,19F,CARRIAGE,no,yes,yes,yes,yes,yes,yes,yes,no,no,no,no,no,no,no,no,yes,no,no,yes,yes,yes,yes,yes,yes,yes,yes,yes,yes,yes,yes,yes,yes,yes,yes,yes,yes,yes,yes,yes,yes,yes,yes,yes,yes,no,34
MSD_CRL_SPN_126,3,CARRIAGE,no,yes,yes,yes,yes,yes,yes,yes,no,no,no,no,no,no,no,no,yes,no,no,yes,yes,yes,yes,yes,yes,yes,yes,yes,yes,yes,no,no,yes,yes,yes,yes,no,no,no,no,no,no,no,no,no,yes,24
MSD_CRL_SPN_127,13,CARRIAGE,no,yes,yes,yes,yes,yes,yes,yes,no,no,no,no,no,no,no,no,yes,no,no,yes,yes,yes,yes,yes,yes,yes,yes,yes,yes,yes,no,no,yes,yes,yes,yes,no,no,no,no,no,no,no,no,no,no,23
MSD_CRL_SPN_128,09V,DISEASE,no,no,yes,yes,yes,yes,yes,yes,no,no,no,no,no,no,no,no,yes,no,no,yes,yes,yes,yes,yes,yes,yes,yes,yes,yes,yes,no,no,yes,yes,yes,yes,yes,yes,yes,no,yes,yes,yes,no,no,no,28
MSD_CRL_SPN_129,1,DISEASE,no,yes,yes,yes,yes,yes,yes,yes,no,no,no,no,no,no,no,no,yes,no,no,yes,yes,yes,yes,yes,yes,yes,yes,yes,yes,yes,no,no,yes,yes,yes,yes,no,no,no,no,no,no,no,no,no,no,23
MSD_CRL_SPN_13,4,CARRIAGE,no,yes,yes,yes,yes,yes,yes,yes,yes,yes,yes,yes,yes,yes,yes,yes,yes,no,yes,yes,yes,yes,yes,yes,yes,yes,yes,yes,yes,yes,no,no,yes,yes,yes,no,yes,yes,yes,no,yes,yes,yes,no,no,yes,38
MSD_CRL_SPN_130,17F,CARRIAGE,no,yes,yes,yes,yes,yes,yes,no,no,no,no,no,no,no,no,no,yes,no,yes,yes,yes,yes,yes,yes,yes,yes,yes,yes,yes,yes,no,no,yes,yes,yes,yes,no,no,no,no,no,no,no,no,no,no,23
MSD_CRL_SPN_131,31,CARRIAGE,no,yes,yes,yes,yes,yes,yes,no,no,no,no,no,no,no,no,no,yes,no,no,yes,yes,yes,yes,yes,yes,yes,yes,yes,yes,yes,no,no,yes,yes,yes,yes,no,no,no,no,no,no,no,no,no,no,22
MSD_CRL_SPN_132,13,CARRIAGE,no,yes,yes,yes,yes,yes,yes,yes,no,no,no,no,no,no,no,no,yes,no,no,yes,yes,yes,yes,yes,yes,yes,yes,yes,yes,yes,no,no,yes,yes,yes,yes,no,no,no,no,no,no,no,no,no,no,23
MSD_CRL_SPN_133,serogroup 24,CARRIAGE,no,yes,yes,yes,yes,yes,yes,yes,no,no,no,no,no,no,no,no,yes,no,no,yes,yes,yes,yes,yes,yes,yes,yes,yes,yes,yes,no,no,yes,yes,yes,yes,no,no,no,no,no,no,no,no,no,no,23
MSD_CRL_SPN_134,18C,DISEASE,no,yes,yes,yes,yes,yes,yes,yes,no,no,no,no,no,no,no,no,yes,no,no,yes,yes,yes,yes,yes,yes,yes,yes,yes,yes,yes,no,no,yes,yes,yes,yes,no,no,no,no,no,no,no,no,no,no,23
MSD_CRL_SPN_135,6E(6B),DISEASE,no,yes,yes,yes,yes,yes,yes,no,no,no,no,no,no,no,no,no,yes,no,no,yes,yes,yes,yes,yes,yes,yes,yes,yes,yes,yes,no,no,yes,yes,yes,yes,no,no,no,no,no,no,no,no,no,no,22
MSD_CRL_SPN_136,15C,CARRIAGE,no,yes,yes,yes,yes,yes,yes,yes,no,no,no,no,no,no,no,no,yes,no,no,yes,yes,yes,yes,yes,yes,yes,yes,yes,yes,yes,no,no,yes,yes,yes,yes,no,no,no,no,no,no,no,no,no,no,23
MSD_CRL_SPN_137,23B,CARRIAGE,no,yes,yes,yes,yes,yes,yes,no,no,no,no,no,no,no,no,no,yes,no,no,yes,yes,yes,yes,yes,yes,yes,yes,yes,yes,yes,no,no,yes,yes,yes,yes,no,no,no,no,no,no,no,no,no,yes,23
MSD_CRL_SPN_138,6E(6B),DISEASE,no,yes,yes,yes,yes,yes,yes,no,no,no,no,no,no,no,no,no,yes,no,no,yes,yes,yes,yes,yes,yes,yes,yes,yes,yes,yes,no,no,yes,yes,yes,yes,no,no,no,no,no,no,no,no,no,no,22
MSD_CRL_SPN_139,3,CARRIAGE,no,yes,yes,yes,yes,yes,yes,yes,no,no,no,no,no,no,no,no,yes,no,no,yes,yes,yes,yes,yes,yes,no,yes,yes,yes,yes,no,no,yes,yes,yes,yes,no,no,no,no,no,no,no,no,no,no,22
MSD_CRL_SPN_14,1,DISEASE,no,yes,yes,yes,yes,yes,yes,yes,no,no,no,no,no,no,no,no,yes,no,no,yes,yes,yes,yes,yes,yes,yes,yes,yes,yes,yes,no,no,yes,yes,yes,yes,no,no,no,no,no,no,no,no,no,no,23
MSD_CRL_SPN_140,09V,DISEASE,no,no,yes,yes,yes,yes,yes,yes,no,no,no,no,no,no,no,no,yes,no,no,yes,yes,yes,yes,yes,yes,yes,yes,yes,yes,yes,no,no,yes,yes,yes,yes,yes,yes,yes,no,yes,yes,yes,no,no,no,28
MSD_CRL_SPN_141,19A,DISEASE,no,yes,yes,yes,yes,yes,yes,no,no,no,no,no,no,no,no,no,yes,no,no,yes,yes,yes,yes,yes,yes,yes,yes,yes,yes,yes,yes,yes,yes,yes,yes,yes,yes,yes,yes,yes,yes,yes,yes,yes,yes,no,33
MSD_CRL_SPN_142,19A,CARRIAGE,no,yes,yes,yes,yes,yes,yes,no,no,no,no,no,no,no,no,no,yes,no,no,yes,yes,yes,yes,yes,yes,yes,yes,yes,yes,yes,yes,yes,yes,yes,yes,yes,yes,yes,yes,yes,yes,yes,yes,yes,yes,no,33
MSD_CRL_SPN_143,09N,DISEASE,no,yes,yes,yes,yes,yes,yes,yes,no,no,no,no,no,no,no,no,yes,no,yes,yes,yes,yes,yes,yes,yes,yes,yes,yes,yes,yes,no,no,yes,yes,yes,yes,no,no,no,no,no,no,no,no,no,no,24
MSD_CRL_SPN_144,19A,DISEASE,no,yes,yes,yes,yes,yes,yes,no,no,no,no,no,no,no,no,no,yes,no,no,yes,yes,yes,yes,yes,yes,yes,yes,yes,yes,yes,yes,yes,yes,yes,yes,yes,yes,yes,yes,yes,yes,yes,yes,yes,yes,no,33
MSD_CRL_SPN_145,35B,DISEASE,no,yes,yes,yes,yes,yes,yes,no,no,no,no,no,no,no,no,no,yes,no,no,yes,yes,yes,yes,yes,yes,yes,yes,yes,yes,yes,no,no,yes,yes,yes,yes,yes,yes,yes,no,yes,yes,yes,no,no,no,28
MSD_CRL_SPN_146,09V,CARRIAGE,no,yes,yes,yes,yes,yes,yes,yes,no,no,no,no,no,no,no,no,yes,no,no,yes,yes,yes,yes,yes,yes,yes,yes,yes,yes,yes,no,no,yes,yes,yes,yes,yes,yes,yes,no,yes,yes,yes,no,no,no,29
MSD_CRL_SPN_147,15B,CARRIAGE,no,yes,yes,yes,yes,yes,yes,yes,no,no,no,no,no,no,no,no,yes,no,no,yes,yes,yes,yes,yes,yes,yes,yes,yes,yes,yes,no,no,yes,yes,yes,yes,no,no,no,no,no,no,no,no,no,no,23
MSD_CRL_SPN_148,15B,CARRIAGE,no,yes,yes,yes,yes,yes,yes,yes,no,no,no,no,no,no,no,no,yes,yes,no,yes,yes,yes,yes,yes,yes,yes,yes,yes,yes,yes,no,no,yes,yes,yes,yes,no,no,no,no,no,no,no,no,no,yes,25
MSD_CRL_SPN_149,15B,CARRIAGE,no,yes,yes,yes,yes,yes,yes,yes,no,no,no,no,no,no,no,no,yes,no,no,yes,yes,yes,yes,yes,yes,yes,yes,yes,yes,yes,no,no,yes,yes,yes,yes,no,no,no,no,no,no,no,no,no,no,23
MSD_CRL_SPN_15,23F,CARRIAGE,no,no,yes,yes,yes,yes,yes,no,no,no,no,no,no,no,no,no,yes,no,no,yes,yes,yes,yes,yes,yes,yes,yes,yes,yes,yes,no,no,yes,yes,yes,yes,no,no,no,no,no,no,no,no,no,no,21
MSD_CRL_SPN_150,09A,CARRIAGE,no,yes,yes,yes,yes,yes,yes,yes,no,no,no,no,no,no,no,no,yes,no,no,yes,yes,yes,yes,yes,yes,yes,yes,yes,yes,yes,no,no,yes,yes,yes,yes,yes,yes,yes,no,yes,yes,yes,no,no,no,29
MSD_CRL_SPN_151,15B,CARRIAGE,no,yes,yes,yes,yes,yes,yes,yes,no,no,no,no,no,no,no,no,yes,no,no,yes,yes,yes,yes,yes,yes,yes,yes,yes,yes,yes,no,no,yes,yes,yes,yes,no,no,no,no,no,no,no,no,no,no,23
MSD_CRL_SPN_152,15B,CARRIAGE,no,yes,yes,yes,yes,yes,yes,yes,no,no,no,no,no,no,no,no,yes,yes,no,yes,yes,yes,yes,yes,yes,yes,yes,yes,yes,yes,no,no,yes,yes,yes,yes,no,no,no,no,no,no,no,no,no,yes,25
MSD_CRL_SPN_153,6E(6B),CARRIAGE,no,yes,yes,yes,yes,yes,yes,no,no,no,no,no,no,no,no,no,yes,no,no,yes,yes,yes,yes,yes,yes,yes,yes,yes,yes,yes,no,no,yes,yes,yes,yes,yes,yes,yes,no,yes,yes,yes,no,no,no,28
MSD_CRL_SPN_154,19A,CARRIAGE,no,yes,yes,yes,yes,yes,yes,no,no,no,no,no,no,no,no,no,yes,no,no,yes,yes,yes,yes,yes,yes,yes,yes,yes,yes,yes,yes,yes,yes,yes,yes,yes,yes,yes,yes,yes,yes,yes,yes,yes,yes,no,33
MSD_CRL_SPN_155,19F,DISEASE,no,yes,yes,yes,yes,yes,yes,yes,no,no,no,no,no,no,no,no,yes,no,no,yes,yes,yes,yes,yes,yes,yes,yes,yes,yes,yes,yes,yes,yes,yes,yes,yes,yes,yes,yes,yes,yes,yes,yes,yes,yes,no,34
MSD_CRL_SPN_156,3,DISEASE,no,yes,yes,yes,yes,yes,yes,yes,no,no,no,no,no,no,no,no,yes,no,no,yes,yes,yes,yes,yes,yes,yes,yes,yes,yes,yes,no,no,yes,yes,yes,yes,no,no,no,no,no,no,no,no,no,no,23
MSD_CRL_SPN_157,3,DISEASE,no,yes,yes,yes,yes,yes,yes,yes,no,no,no,no,no,no,no,no,yes,no,no,yes,yes,yes,yes,yes,yes,yes,yes,yes,yes,yes,no,no,yes,yes,yes,yes,no,no,no,no,no,no,no,no,no,yes,24
MSD_CRL_SPN_158,15B,CARRIAGE,no,yes,yes,yes,yes,yes,yes,yes,no,no,no,no,no,no,no,no,yes,no,no,yes,yes,yes,yes,yes,yes,yes,yes,yes,yes,yes,no,no,yes,yes,yes,yes,no,no,no,no,no,no,no,no,no,no,23
MSD_CRL_SPN_159,09V,CARRIAGE,no,no,yes,yes,yes,yes,yes,yes,no,no,no,no,no,no,no,no,yes,no,no,yes,yes,yes,yes,yes,yes,yes,yes,yes,yes,yes,no,no,yes,yes,yes,yes,yes,yes,yes,no,yes,yes,yes,no,no,no,28
MSD_CRL_SPN_16,1,DISEASE,no,yes,yes,yes,yes,yes,yes,yes,no,no,no,no,no,no,no,no,yes,no,no,yes,yes,yes,yes,yes,yes,yes,yes,yes,yes,yes,yes,yes,yes,yes,yes,no,no,no,no,yes,no,no,no,yes,yes,no,27
MSD_CRL_SPN_160,35B,CARRIAGE,no,yes,yes,yes,yes,yes,yes,no,no,no,no,no,no,no,no,no,yes,no,no,yes,yes,yes,yes,yes,yes,yes,yes,yes,yes,yes,no,no,yes,yes,yes,no,yes,yes,yes,no,yes,yes,yes,no,no,no,27
MSD_CRL_SPN_161,06A,CARRIAGE,no,yes,yes,yes,yes,yes,yes,no,no,no,no,no,no,no,no,no,yes,no,no,yes,yes,yes,yes,yes,yes,no,yes,yes,yes,yes,no,no,yes,yes,yes,yes,no,no,no,no,no,no,no,no,no,no,21
MSD_CRL_SPN_162,09V,DISEASE,no,yes,yes,yes,yes,yes,yes,yes,no,no,no,no,no,no,no,no,yes,no,no,yes,yes,yes,yes,yes,yes,yes,yes,yes,yes,yes,no,no,yes,yes,yes,yes,yes,yes,yes,no,yes,yes,yes,no,no,no,29
MSD_CRL_SPN_163,3,DISEASE,no,yes,yes,yes,yes,yes,yes,yes,no,no,no,no,no,no,no,no,yes,no,no,yes,yes,yes,yes,yes,yes,yes,yes,yes,yes,yes,no,no,yes,yes,yes,yes,no,no,no,no,no,no,no,no,no,no,23
MSD_CRL_SPN_164,11A,CARRIAGE,no,yes,yes,yes,yes,yes,yes,no,no,no,no,no,no,no,no,no,yes,no,no,yes,yes,yes,yes,yes,yes,yes,yes,yes,yes,yes,no,no,yes,yes,yes,yes,no,no,no,no,no,no,no,no,no,no,22
MSD_CRL_SPN_165,09V,CARRIAGE,no,no,yes,yes,yes,yes,yes,yes,no,no,no,no,no,no,no,no,yes,no,no,yes,yes,yes,yes,yes,yes,yes,yes,yes,yes,yes,no,no,yes,yes,yes,yes,yes,yes,yes,no,yes,yes,yes,no,no,no,28
MSD_CRL_SPN_166,09V,DISEASE,no,no,yes,yes,yes,yes,yes,yes,no,no,no,no,no,no,no,no,yes,no,no,yes,yes,yes,yes,yes,yes,yes,yes,yes,yes,yes,no,no,yes,yes,yes,yes,yes,yes,yes,no,yes,yes,yes,no,no,no,28
MSD_CRL_SPN_167,23F,DISEASE,no,yes,yes,yes,yes,yes,yes,no,no,no,no,no,no,no,no,no,yes,no,no,yes,yes,yes,yes,yes,yes,yes,yes,yes,yes,yes,no,no,yes,yes,yes,yes,no,no,no,no,no,no,no,no,no,no,22
MSD_CRL_SPN_168,19F,CARRIAGE,no,yes,yes,yes,yes,yes,yes,yes,no,no,no,no,no,no,no,no,yes,no,no,yes,yes,yes,yes,yes,yes,yes,yes,yes,yes,yes,yes,yes,yes,yes,yes,yes,yes,yes,yes,yes,yes,yes,yes,yes,yes,no,34
MSD_CRL_SPN_169,19F,CARRIAGE,no,yes,yes,yes,yes,yes,yes,yes,no,no,no,no,no,no,no,no,yes,no,no,yes,yes,yes,yes,yes,yes,yes,yes,yes,yes,yes,yes,yes,yes,yes,yes,yes,yes,yes,yes,yes,yes,yes,yes,yes,yes,no,34
MSD_CRL_SPN_17,23F,DISEASE,no,yes,yes,yes,yes,yes,yes,no,no,no,no,no,no,no,no,no,yes,no,no,yes,yes,yes,yes,yes,yes,yes,yes,yes,yes,yes,no,no,yes,yes,yes,yes,no,no,no,no,no,no,no,no,no,no,22
MSD_CRL_SPN_170,35B,CARRIAGE,yes,yes,yes,yes,yes,yes,yes,no,no,no,no,no,no,no,no,no,yes,no,no,yes,yes,yes,yes,yes,yes,yes,yes,yes,yes,yes,no,no,yes,yes,yes,yes,yes,yes,yes,no,yes,yes,yes,no,no,no,29
MSD_CRL_SPN_171,13,CARRIAGE,no,yes,yes,yes,yes,yes,yes,yes,no,no,no,no,no,no,no,no,yes,no,yes,yes,yes,yes,yes,yes,yes,yes,yes,yes,yes,yes,no,no,yes,yes,yes,yes,no,no,no,no,no,no,no,no,no,no,24
MSD_CRL_SPN_172,22F,DISEASE,no,yes,yes,yes,yes,yes,yes,no,no,no,no,no,no,no,no,no,yes,no,no,yes,yes,yes,yes,yes,yes,no,yes,yes,yes,yes,no,no,yes,yes,yes,yes,no,no,no,no,no,no,no,no,no,no,21
MSD_CRL_SPN_173,19F,CARRIAGE,no,yes,yes,yes,yes,yes,yes,yes,no,no,no,no,no,no,no,no,yes,no,no,yes,yes,yes,yes,yes,yes,yes,yes,yes,yes,yes,yes,yes,yes,yes,yes,yes,yes,yes,yes,yes,yes,yes,yes,yes,yes,no,34
MSD_CRL_SPN_174,19A,DISEASE,no,yes,yes,yes,yes,yes,yes,no,no,no,no,no,no,no,no,no,yes,no,no,yes,yes,yes,yes,yes,yes,yes,yes,yes,yes,yes,yes,yes,yes,yes,yes,yes,yes,yes,yes,yes,yes,yes,yes,yes,yes,no,33
MSD_CRL_SPN_175,19F,DISEASE,no,yes,yes,yes,yes,yes,yes,yes,no,no,no,no,no,no,no,no,yes,no,no,yes,yes,yes,yes,yes,yes,yes,yes,yes,yes,yes,no,no,yes,yes,yes,yes,yes,yes,yes,no,yes,yes,yes,no,no,no,29
MSD_CRL_SPN_176,19F,DISEASE,no,yes,yes,yes,yes,yes,yes,yes,no,no,no,no,no,no,no,no,yes,no,no,yes,yes,yes,yes,yes,yes,yes,yes,yes,yes,yes,yes,yes,yes,yes,yes,yes,yes,yes,yes,yes,yes,yes,yes,yes,yes,no,34
MSD_CRL_SPN_177,10A,CARRIAGE,no,no,yes,yes,yes,yes,no,yes,no,no,no,no,no,no,no,no,yes,no,no,yes,yes,yes,yes,yes,yes,yes,yes,yes,yes,yes,no,no,yes,yes,yes,yes,no,no,no,no,no,no,no,no,no,no,21
MSD_CRL_SPN_178,06A,DISEASE,no,yes,yes,yes,yes,yes,yes,no,no,no,no,no,no,no,no,no,yes,no,no,yes,yes,yes,yes,yes,yes,no,yes,yes,yes,yes,no,no,yes,yes,yes,yes,no,no,no,no,no,no,no,no,no,no,21
MSD_CRL_SPN_179,19F,CARRIAGE,no,yes,yes,yes,yes,yes,yes,yes,no,no,no,no,no,no,no,no,yes,no,no,yes,yes,yes,yes,yes,yes,yes,yes,yes,yes,yes,yes,yes,yes,yes,yes,yes,yes,yes,yes,yes,yes,yes,yes,yes,yes,no,34
MSD_CRL_SPN_18,18C,CARRIAGE,no,yes,yes,yes,yes,yes,yes,yes,no,no,no,no,no,no,no,no,yes,no,no,yes,yes,yes,yes,yes,yes,yes,yes,yes,yes,yes,no,no,yes,yes,yes,yes,no,no,no,no,no,no,no,no,no,no,23
MSD_CRL_SPN_180,19F,CARRIAGE,no,yes,yes,yes,yes,yes,yes,yes,no,no,no,no,no,no,no,no,yes,no,no,yes,yes,yes,yes,yes,yes,yes,yes,yes,yes,yes,yes,yes,yes,yes,yes,yes,yes,yes,yes,yes,yes,yes,yes,yes,yes,no,34
MSD_CRL_SPN_181,19A,CARRIAGE,no,yes,yes,yes,yes,yes,yes,no,no,no,no,no,no,no,no,no,yes,no,no,yes,yes,yes,yes,yes,yes,yes,yes,yes,yes,yes,no,no,yes,yes,yes,yes,no,no,no,no,no,no,no,no,no,no,22
MSD_CRL_SPN_182,6E(6B),DISEASE,no,yes,yes,yes,yes,yes,yes,no,no,no,no,no,no,no,no,no,yes,no,no,yes,yes,yes,yes,yes,yes,yes,yes,yes,yes,yes,no,no,yes,yes,yes,yes,yes,yes,yes,no,yes,yes,yes,no,no,no,28
MSD_CRL_SPN_183,06A,CARRIAGE,no,yes,yes,yes,yes,yes,yes,yes,no,no,no,no,no,no,no,no,yes,no,no,yes,yes,yes,yes,yes,yes,no,yes,yes,yes,yes,no,no,yes,yes,yes,yes,no,no,no,no,no,no,no,no,no,no,22
MSD_CRL_SPN_184,15B,DISEASE,no,yes,yes,yes,yes,yes,yes,yes,no,no,no,no,no,no,no,no,yes,no,no,yes,yes,yes,yes,yes,yes,yes,yes,yes,yes,yes,no,no,yes,yes,yes,yes,no,no,no,no,no,no,no,no,no,no,23
MSD_CRL_SPN_185,06A,DISEASE,no,yes,yes,yes,yes,yes,yes,yes,no,no,no,no,no,no,no,no,yes,no,no,yes,yes,yes,yes,yes,yes,no,yes,yes,yes,yes,no,no,yes,yes,yes,yes,no,no,no,no,no,no,no,no,no,no,22
MSD_CRL_SPN_186,23F,DISEASE,no,yes,yes,yes,yes,yes,yes,no,no,no,no,no,no,no,no,no,yes,no,no,yes,yes,yes,yes,yes,yes,yes,yes,yes,yes,yes,no,no,yes,yes,yes,yes,no,no,no,no,no,no,no,no,no,no,22
MSD_CRL_SPN_187,14,CARRIAGE,no,yes,yes,yes,yes,yes,yes,yes,no,no,no,no,no,no,no,no,yes,no,no,yes,yes,yes,yes,yes,yes,yes,yes,yes,yes,yes,no,no,yes,yes,yes,yes,no,no,no,no,no,no,no,no,no,yes,24
MSD_CRL_SPN_188,19F,DISEASE,no,yes,yes,yes,yes,yes,yes,yes,no,no,no,no,no,no,no,no,yes,no,no,yes,yes,yes,yes,yes,yes,yes,yes,yes,yes,yes,yes,yes,yes,yes,yes,yes,yes,yes,yes,yes,yes,yes,yes,yes,yes,no,34
MSD_CRL_SPN_189,19F,DISEASE,no,yes,yes,yes,yes,yes,yes,yes,no,no,no,no,no,no,no,no,yes,no,no,yes,yes,yes,yes,yes,yes,yes,yes,yes,yes,yes,yes,yes,yes,yes,yes,yes,yes,yes,yes,yes,yes,yes,yes,yes,yes,no,34
MSD_CRL_SPN_19,06A,DISEASE,no,yes,yes,yes,yes,yes,yes,no,no,no,no,no,no,no,no,no,yes,no,no,yes,yes,yes,yes,yes,yes,no,yes,yes,yes,yes,no,no,yes,yes,yes,yes,no,no,no,no,no,no,no,no,no,no,21
MSD_CRL_SPN_190,06C,CARRIAGE,no,yes,yes,yes,yes,yes,yes,no,no,no,no,no,no,no,no,no,yes,no,no,yes,yes,yes,yes,yes,yes,yes,yes,yes,yes,yes,no,no,yes,yes,yes,yes,no,no,no,no,no,no,no,no,no,no,22
MSD_CRL_SPN_191,09L,DISEASE,no,yes,yes,yes,yes,yes,yes,yes,no,no,no,no,no,no,no,no,yes,no,no,yes,yes,yes,yes,yes,yes,yes,yes,yes,yes,yes,no,no,yes,yes,yes,yes,no,no,no,no,no,no,no,no,no,no,23
MSD_CRL_SPN_192,3,CARRIAGE,no,yes,yes,yes,yes,yes,yes,yes,no,no,no,no,no,no,no,no,yes,no,no,yes,yes,yes,yes,yes,yes,yes,yes,yes,yes,yes,no,no,yes,yes,yes,yes,no,no,no,no,no,no,no,no,no,yes,24
MSD_CRL_SPN_193,19A,DISEASE,no,yes,yes,yes,yes,yes,yes,no,no,no,no,no,no,no,no,no,yes,no,no,yes,yes,yes,yes,yes,yes,yes,yes,yes,yes,yes,no,no,yes,yes,yes,yes,no,no,no,no,no,no,no,no,no,no,22
MSD_CRL_SPN_194,serogroup 24,DISEASE,no,no,yes,yes,yes,yes,yes,yes,no,no,no,no,no,no,no,no,yes,no,no,yes,yes,yes,yes,yes,yes,yes,yes,yes,yes,yes,no,no,yes,yes,yes,yes,no,no,no,no,no,no,no,no,no,no,22
MSD_CRL_SPN_195,6E(6B),DISEASE,no,yes,yes,yes,yes,yes,yes,no,no,no,no,no,no,no,no,no,yes,no,no,yes,yes,yes,yes,yes,yes,yes,yes,yes,yes,yes,no,no,yes,yes,yes,yes,yes,yes,yes,no,yes,yes,yes,no,no,no,28
MSD_CRL_SPN_196,6E(6B),CARRIAGE,no,yes,yes,yes,yes,yes,yes,no,no,no,no,no,no,no,no,no,yes,no,no,yes,yes,yes,yes,yes,yes,yes,yes,yes,yes,yes,no,no,yes,yes,yes,yes,yes,yes,yes,no,yes,yes,yes,no,no,no,28
MSD_CRL_SPN_197,34,CARRIAGE,no,yes,yes,yes,yes,yes,yes,no,no,no,no,no,no,no,no,no,yes,no,no,yes,yes,yes,yes,yes,yes,yes,yes,yes,yes,yes,no,no,yes,yes,yes,yes,no,no,no,no,no,no,no,no,no,yes,23
MSD_CRL_SPN_198,19F,DISEASE,no,yes,yes,yes,yes,yes,yes,yes,no,no,no,no,no,no,no,no,yes,no,no,yes,yes,yes,yes,yes,yes,yes,yes,yes,yes,yes,yes,yes,yes,yes,yes,yes,yes,yes,yes,yes,yes,yes,yes,yes,yes,no,34
MSD_CRL_SPN_199,19F,CARRIAGE,no,yes,yes,yes,yes,yes,yes,yes,no,no,no,no,no,no,no,no,yes,no,no,yes,yes,yes,yes,yes,yes,yes,yes,yes,yes,yes,yes,yes,yes,yes,yes,yes,yes,yes,yes,yes,yes,yes,yes,yes,yes,no,34
MSD_CRL_SPN_20,19F,CARRIAGE,no,yes,yes,yes,yes,yes,yes,yes,no,no,no,no,no,no,no,no,yes,no,no,yes,yes,yes,yes,yes,yes,yes,yes,yes,yes,yes,yes,yes,yes,yes,yes,yes,yes,yes,yes,yes,yes,yes,yes,yes,yes,no,34
MSD_CRL_SPN_200,10B,CARRIAGE,no,yes,yes,yes,yes,yes,no,yes,no,no,no,no,no,no,no,no,yes,no,no,yes,yes,yes,yes,yes,yes,no,yes,yes,yes,yes,no,no,yes,yes,yes,yes,no,no,no,no,no,no,no,no,no,no,21
MSD_CRL_SPN_201,15C,CARRIAGE,no,yes,yes,yes,yes,yes,yes,yes,no,no,no,no,no,no,no,no,yes,no,no,yes,yes,yes,yes,yes,yes,yes,yes,yes,yes,yes,no,no,yes,yes,yes,yes,no,no,no,no,no,no,no,no,no,no,23
MSD_CRL_SPN_202,35B,DISEASE,yes,yes,yes,yes,yes,yes,yes,no,no,no,no,no,no,no,no,no,yes,no,no,yes,yes,yes,yes,yes,yes,yes,yes,yes,yes,yes,no,no,yes,yes,yes,yes,yes,yes,yes,no,yes,yes,yes,no,no,no,29
MSD_CRL_SPN_203,12F,CARRIAGE,no,no,yes,yes,yes,yes,yes,yes,yes,yes,no,no,yes,yes,yes,yes,yes,no,no,yes,yes,yes,yes,yes,yes,yes,yes,yes,yes,yes,no,no,yes,yes,yes,yes,no,no,no,no,no,no,no,no,no,no,28
MSD_CRL_SPN_204,19F,DISEASE,no,yes,yes,yes,yes,yes,yes,yes,no,no,no,no,no,no,no,no,yes,no,no,yes,yes,yes,yes,yes,yes,yes,yes,yes,yes,yes,yes,yes,yes,yes,yes,yes,yes,yes,yes,yes,yes,yes,yes,yes,yes,no,34
MSD_CRL_SPN_205,3,DISEASE,no,yes,yes,yes,yes,yes,yes,yes,no,no,no,no,no,no,no,no,yes,no,no,yes,yes,yes,yes,yes,yes,no,yes,yes,yes,yes,no,no,yes,yes,yes,yes,no,no,no,no,no,no,no,no,no,no,22
MSD_CRL_SPN_206,12F,DISEASE,no,no,yes,yes,yes,yes,yes,yes,yes,yes,no,no,yes,yes,yes,yes,yes,no,no,yes,yes,yes,yes,yes,yes,yes,yes,yes,yes,yes,no,no,yes,yes,yes,yes,no,no,no,no,no,no,no,no,no,no,28
MSD_CRL_SPN_207,06C,DISEASE,no,yes,yes,yes,yes,yes,yes,no,no,no,no,no,no,no,no,no,yes,no,no,yes,yes,yes,yes,yes,yes,yes,yes,yes,yes,yes,no,no,yes,yes,yes,yes,no,no,no,no,no,no,no,no,no,no,22
MSD_CRL_SPN_208,14,CARRIAGE,no,yes,yes,yes,yes,yes,yes,yes,no,no,no,no,no,no,no,no,yes,no,no,yes,yes,yes,yes,yes,yes,yes,yes,yes,yes,yes,no,no,yes,yes,yes,yes,no,no,no,no,no,no,no,no,no,yes,24
MSD_CRL_SPN_209,serogroup 24,CARRIAGE,no,no,yes,yes,yes,yes,yes,yes,no,no,no,no,no,no,no,no,yes,no,no,yes,yes,yes,yes,yes,yes,yes,yes,yes,yes,yes,no,no,yes,yes,yes,yes,no,no,no,no,no,no,no,no,no,no,22
MSD_CRL_SPN_21,06A,CARRIAGE,no,yes,yes,yes,yes,yes,yes,no,no,no,no,no,no,no,no,no,yes,no,no,yes,yes,yes,yes,yes,yes,yes,yes,yes,yes,yes,no,no,yes,yes,yes,yes,yes,yes,yes,no,yes,yes,yes,no,no,no,28
MSD_CRL_SPN_210,serogroup 24,CARRIAGE,no,no,yes,yes,yes,yes,yes,yes,no,no,no,no,no,no,no,no,yes,no,no,yes,yes,yes,yes,yes,yes,yes,yes,yes,yes,yes,no,no,yes,yes,yes,yes,no,no,no,no,no,no,no,no,no,no,22
MSD_CRL_SPN_211,3,DISEASE,no,yes,yes,yes,yes,yes,yes,yes,no,no,no,no,no,no,no,no,yes,no,no,yes,yes,yes,yes,yes,yes,no,yes,yes,yes,yes,no,no,yes,yes,yes,yes,no,no,no,no,no,no,no,no,no,no,22
MSD_CRL_SPN_212,3,DISEASE,no,yes,yes,yes,yes,yes,yes,yes,no,no,no,no,no,no,no,no,yes,no,no,yes,yes,yes,yes,yes,yes,yes,yes,yes,yes,yes,no,no,yes,yes,yes,yes,no,no,no,no,no,no,no,no,no,no,23
MSD_CRL_SPN_213,15B,DISEASE,no,yes,yes,yes,yes,yes,yes,yes,no,no,no,no,no,no,no,no,yes,no,no,yes,yes,yes,yes,yes,yes,yes,yes,yes,yes,yes,no,no,yes,yes,yes,yes,no,no,no,no,no,no,no,no,no,no,23
MSD_CRL_SPN_214,09N,DISEASE,no,yes,yes,yes,yes,yes,yes,yes,no,no,no,no,no,no,no,no,yes,no,yes,yes,yes,yes,yes,yes,yes,yes,yes,yes,yes,yes,no,no,yes,yes,yes,yes,no,no,no,no,no,no,no,no,no,no,24
MSD_CRL_SPN_215,35B,DISEASE,yes,yes,yes,yes,yes,yes,yes,no,no,no,no,no,no,no,no,no,yes,no,no,yes,yes,yes,yes,yes,yes,yes,yes,yes,yes,yes,no,no,yes,yes,yes,yes,yes,yes,yes,no,yes,yes,yes,no,no,no,29
MSD_CRL_SPN_216,19F,DISEASE,no,yes,yes,yes,yes,yes,yes,yes,no,no,no,no,no,no,no,no,yes,no,no,yes,yes,yes,yes,yes,yes,yes,yes,yes,yes,yes,yes,yes,yes,yes,yes,yes,yes,yes,yes,yes,yes,yes,yes,yes,yes,no,34
MSD_CRL_SPN_217,18C,DISEASE,no,yes,yes,yes,yes,yes,yes,yes,no,no,no,no,no,no,no,no,yes,no,no,yes,yes,yes,yes,yes,yes,yes,yes,yes,yes,yes,no,no,yes,yes,yes,yes,no,no,no,no,no,no,no,no,no,no,23
MSD_CRL_SPN_218,untypable,DISEASE,no,yes,yes,yes,no,no,no,no,no,no,no,no,no,no,no,no,yes,no,yes,yes,yes,yes,yes,yes,yes,yes,yes,yes,yes,yes,no,no,yes,yes,yes,yes,no,no,no,no,no,no,no,no,no,yes,21
MSD_CRL_SPN_219,15B,DISEASE,no,yes,yes,yes,yes,yes,yes,yes,no,no,no,no,no,no,no,no,yes,yes,no,yes,yes,yes,yes,yes,yes,yes,yes,yes,yes,yes,no,no,yes,yes,yes,yes,no,no,no,no,no,no,no,no,no,no,24
MSD_CRL_SPN_22,6E(6B),CARRIAGE,no,yes,yes,yes,yes,yes,yes,no,no,no,no,no,no,no,no,no,yes,no,no,yes,yes,yes,yes,yes,yes,yes,yes,yes,yes,yes,no,no,yes,yes,yes,yes,yes,yes,yes,no,yes,yes,yes,no,no,no,28
MSD_CRL_SPN_220,6E(6B),DISEASE,no,yes,yes,yes,yes,yes,yes,no,no,no,no,no,no,no,no,no,yes,no,no,yes,yes,yes,yes,yes,yes,yes,yes,yes,yes,yes,no,no,yes,yes,yes,yes,no,no,no,no,no,no,no,no,no,no,22
MSD_CRL_SPN_221,6E(6B),DISEASE,no,yes,yes,yes,yes,yes,yes,no,no,no,no,no,no,no,no,no,yes,no,no,yes,yes,yes,yes,yes,yes,yes,yes,yes,yes,yes,no,no,yes,yes,yes,yes,no,no,no,no,no,no,no,no,no,no,22
MSD_CRL_SPN_222,19F,DISEASE,no,yes,yes,yes,yes,yes,yes,yes,no,no,no,no,no,no,no,no,yes,no,no,yes,yes,yes,yes,yes,yes,yes,yes,yes,yes,yes,yes,yes,yes,yes,yes,yes,yes,yes,yes,yes,yes,yes,yes,yes,yes,no,34
MSD_CRL_SPN_223,09V,DISEASE,no,no,yes,yes,yes,yes,yes,yes,no,no,no,no,no,no,no,no,yes,no,no,yes,yes,yes,yes,yes,yes,yes,yes,yes,yes,yes,no,no,yes,yes,yes,yes,yes,yes,yes,no,yes,yes,yes,no,no,no,28
MSD_CRL_SPN_224,19F,DISEASE,no,yes,yes,yes,yes,yes,yes,yes,no,no,no,no,no,no,no,no,yes,no,no,yes,yes,yes,yes,yes,yes,yes,yes,yes,yes,yes,yes,yes,yes,yes,yes,yes,yes,yes,yes,yes,yes,yes,yes,yes,yes,no,34
MSD_CRL_SPN_225,19A,DISEASE,no,yes,yes,yes,yes,yes,yes,no,no,no,no,no,no,no,no,no,yes,no,no,yes,no,yes,yes,yes,yes,yes,yes,yes,yes,yes,no,no,yes,yes,yes,yes,no,no,no,no,no,no,no,no,no,no,21
MSD_CRL_SPN_226,31,DISEASE,no,yes,yes,yes,yes,yes,yes,no,no,no,no,no,no,no,no,no,yes,no,no,yes,yes,yes,yes,yes,yes,yes,yes,yes,yes,yes,no,no,yes,yes,yes,yes,no,no,no,no,no,no,no,no,no,no,22
MSD_CRL_SPN_227,serogroup 24,DISEASE,no,yes,yes,yes,yes,yes,yes,yes,no,no,no,no,no,no,no,no,yes,no,no,yes,yes,yes,yes,yes,yes,yes,yes,yes,yes,yes,no,no,yes,yes,yes,yes,no,no,no,no,no,no,no,no,no,no,23
MSD_CRL_SPN_228,13,DISEASE,no,yes,yes,yes,yes,yes,yes,yes,no,no,no,no,no,no,no,no,yes,no,yes,yes,yes,yes,yes,yes,yes,yes,yes,yes,yes,yes,no,no,yes,yes,yes,yes,no,no,no,no,no,no,no,no,no,no,24
MSD_CRL_SPN_229,13,DISEASE,no,yes,yes,yes,yes,yes,yes,yes,no,no,no,no,no,no,no,no,yes,no,yes,yes,yes,yes,yes,yes,yes,yes,yes,yes,yes,yes,no,no,yes,yes,yes,yes,no,no,no,no,no,no,no,no,no,no,24
MSD_CRL_SPN_23,19F,CARRIAGE,no,yes,yes,yes,yes,yes,yes,yes,no,no,no,no,no,no,no,no,yes,no,no,yes,yes,yes,yes,yes,yes,yes,yes,yes,yes,yes,yes,yes,yes,yes,yes,yes,yes,yes,yes,yes,yes,yes,yes,yes,yes,no,34
MSD_CRL_SPN_230,15A,DISEASE,no,yes,yes,yes,yes,yes,yes,yes,no,no,no,no,no,no,no,no,yes,yes,no,yes,yes,yes,yes,yes,yes,yes,yes,yes,yes,yes,no,no,yes,yes,yes,yes,no,no,no,no,no,no,no,no,no,no,24
MSD_CRL_SPN_231,1,DISEASE,no,yes,yes,yes,yes,yes,yes,yes,no,no,no,no,no,no,no,no,yes,no,no,yes,yes,yes,yes,yes,yes,yes,yes,yes,yes,yes,no,no,yes,yes,yes,yes,no,no,no,no,no,no,no,no,no,no,23
MSD_CRL_SPN_232,8,DISEASE,no,yes,yes,yes,yes,yes,yes,yes,no,no,no,no,no,no,no,no,yes,no,no,yes,yes,yes,yes,yes,yes,yes,yes,yes,yes,yes,no,no,yes,yes,yes,no,no,no,no,no,no,no,no,no,no,no,22
MSD_CRL_SPN_233,15C,DISEASE,no,yes,yes,yes,yes,yes,yes,yes,no,no,no,no,no,no,no,no,yes,no,no,yes,yes,yes,yes,yes,yes,yes,yes,yes,yes,yes,no,no,yes,yes,yes,yes,no,no,no,no,no,no,no,no,no,no,23
MSD_CRL_SPN_234,11A,DISEASE,no,yes,yes,yes,yes,yes,yes,no,no,no,no,no,no,no,no,no,yes,no,no,yes,yes,yes,yes,yes,yes,yes,yes,yes,yes,yes,no,no,yes,yes,yes,yes,no,no,no,no,no,no,no,no,no,no,22
MSD_CRL_SPN_235,3,DISEASE,no,yes,yes,yes,yes,yes,yes,yes,no,no,no,no,no,no,no,no,yes,no,no,yes,yes,yes,yes,yes,yes,yes,yes,yes,yes,yes,no,no,yes,yes,yes,yes,no,no,no,no,no,no,no,no,no,yes,24
MSD_CRL_SPN_236,09V,DISEASE,no,no,yes,yes,yes,yes,yes,yes,no,no,no,no,no,no,no,no,yes,no,no,yes,yes,yes,yes,yes,yes,yes,yes,yes,yes,yes,no,no,yes,yes,yes,yes,yes,yes,yes,no,yes,yes,yes,no,no,no,28
MSD_CRL_SPN_237,14,DISEASE,no,yes,yes,yes,yes,yes,yes,yes,no,no,no,no,no,no,no,no,yes,no,no,yes,yes,yes,yes,yes,yes,yes,yes,yes,yes,yes,no,no,yes,yes,yes,yes,yes,yes,yes,no,yes,yes,yes,no,no,no,29
MSD_CRL_SPN_238,8,DISEASE,no,yes,yes,yes,yes,yes,yes,yes,no,no,no,no,no,no,no,no,yes,no,no,yes,yes,yes,yes,yes,yes,yes,yes,yes,yes,yes,no,no,yes,yes,yes,yes,no,no,no,no,no,no,no,no,no,no,23
MSD_CRL_SPN_239,18C,DISEASE,no,yes,yes,yes,yes,yes,yes,yes,no,no,no,no,no,no,no,no,yes,no,no,yes,yes,yes,yes,yes,yes,yes,yes,yes,yes,yes,no,no,yes,yes,yes,yes,no,no,no,no,no,no,no,no,no,no,23
MSD_CRL_SPN_24,19A,CARRIAGE,no,yes,yes,yes,yes,yes,yes,no,no,no,no,no,no,no,no,no,yes,no,no,yes,no,yes,yes,yes,yes,yes,yes,yes,yes,yes,no,no,yes,yes,yes,yes,no,no,no,no,no,no,no,no,no,no,21
MSD_CRL_SPN_240,23F,DISEASE,no,yes,yes,yes,yes,yes,yes,no,no,no,no,no,no,no,no,no,yes,no,yes,yes,yes,yes,yes,yes,yes,yes,yes,yes,yes,yes,no,no,yes,yes,yes,yes,no,no,no,no,no,no,no,no,no,no,23
MSD_CRL_SPN_241,18C,DISEASE,no,yes,yes,yes,yes,yes,yes,yes,no,no,no,no,no,no,no,no,yes,no,no,yes,yes,yes,yes,yes,yes,yes,yes,yes,yes,yes,no,no,yes,yes,yes,yes,no,no,no,no,no,no,no,no,no,no,23
MSD_CRL_SPN_242,19F,DISEASE,no,yes,yes,yes,yes,yes,yes,yes,no,no,no,no,no,no,no,no,yes,no,no,yes,yes,yes,yes,yes,yes,yes,yes,yes,yes,yes,yes,yes,yes,yes,yes,yes,yes,yes,yes,yes,yes,yes,yes,yes,yes,no,34
MSD_CRL_SPN_243,19A,DISEASE,no,yes,yes,yes,yes,yes,yes,no,no,no,no,no,no,no,no,no,yes,no,no,yes,no,yes,yes,yes,yes,yes,yes,yes,yes,yes,no,no,yes,yes,yes,yes,no,no,no,no,no,no,no,no,no,no,21
MSD_CRL_SPN_244,15A,DISEASE,yes,yes,yes,yes,yes,yes,yes,yes,no,no,no,no,no,no,no,no,yes,yes,no,yes,yes,yes,yes,yes,yes,yes,yes,yes,yes,yes,no,no,yes,yes,yes,yes,no,no,no,no,no,no,no,no,no,no,25
MSD_CRL_SPN_245,15A,DISEASE,yes,yes,yes,yes,yes,yes,yes,yes,no,no,no,no,no,no,no,no,yes,yes,no,yes,yes,yes,yes,yes,yes,yes,yes,yes,yes,yes,no,no,yes,yes,yes,yes,no,no,no,no,no,no,no,no,no,no,25
MSD_CRL_SPN_246,09L,DISEASE,yes,yes,yes,yes,yes,yes,yes,yes,no,no,no,no,no,no,no,no,yes,no,no,yes,yes,yes,yes,yes,yes,yes,yes,yes,yes,yes,no,no,yes,yes,yes,yes,no,no,no,no,no,no,no,no,no,no,24
MSD_CRL_SPN_247,06A,DISEASE,yes,yes,yes,yes,yes,yes,yes,yes,no,no,no,no,no,no,no,no,yes,no,no,yes,yes,yes,yes,yes,yes,yes,yes,yes,yes,yes,no,no,yes,yes,yes,yes,no,no,no,no,no,no,no,no,no,no,24
MSD_CRL_SPN_248,1,DISEASE,no,yes,yes,yes,yes,yes,yes,yes,no,no,no,no,no,no,no,no,yes,no,no,yes,yes,yes,yes,yes,yes,yes,yes,yes,yes,yes,no,no,yes,yes,yes,yes,no,no,no,no,no,no,no,no,no,no,23
MSD_CRL_SPN_249,23F,DISEASE,no,no,yes,yes,yes,yes,yes,no,no,no,no,no,no,no,no,no,yes,no,yes,yes,yes,yes,yes,yes,yes,yes,yes,yes,yes,yes,no,no,yes,yes,yes,yes,no,no,no,no,no,no,no,no,no,no,22
MSD_CRL_SPN_25,19F,CARRIAGE,no,yes,yes,yes,yes,yes,yes,yes,no,no,no,no,no,no,no,no,yes,no,no,yes,yes,yes,yes,yes,yes,yes,yes,yes,yes,yes,yes,yes,yes,yes,yes,yes,yes,yes,yes,yes,yes,yes,yes,yes,yes,no,34
MSD_CRL_SPN_250,09V,CARRIAGE,no,yes,yes,yes,yes,yes,yes,yes,no,no,no,no,no,no,no,no,yes,no,no,yes,yes,yes,yes,yes,yes,yes,yes,yes,yes,yes,no,no,yes,yes,yes,yes,yes,yes,yes,no,yes,yes,yes,no,no,no,29
MSD_CRL_SPN_251,35A,CARRIAGE,no,yes,yes,yes,yes,yes,yes,no,no,no,no,no,no,no,no,no,yes,no,no,yes,yes,yes,yes,yes,yes,yes,yes,yes,yes,yes,no,no,yes,yes,yes,yes,no,no,no,no,no,no,no,no,no,no,22
MSD_CRL_SPN_252,19F,CARRIAGE,no,yes,yes,yes,yes,yes,yes,yes,no,no,no,no,no,no,no,no,yes,no,no,yes,yes,yes,yes,yes,yes,yes,yes,yes,yes,yes,yes,yes,yes,yes,yes,yes,no,no,no,yes,no,no,no,yes,yes,no,28
MSD_CRL_SPN_253,18C,CARRIAGE,no,yes,yes,yes,yes,yes,yes,yes,no,no,no,no,no,no,no,no,yes,no,no,yes,yes,yes,yes,yes,yes,yes,yes,yes,yes,yes,no,no,yes,yes,yes,yes,no,no,no,no,no,no,no,no,no,no,23
MSD_CRL_SPN_254,15B,CARRIAGE,no,yes,yes,yes,yes,yes,yes,yes,no,no,no,no,no,no,no,no,yes,yes,no,yes,yes,yes,yes,yes,yes,yes,yes,yes,yes,yes,no,no,yes,yes,yes,yes,no,no,no,no,no,no,no,no,no,no,24
MSD_CRL_SPN_26,19A,CARRIAGE,no,yes,yes,yes,yes,yes,yes,no,no,no,no,no,no,no,no,no,yes,no,no,yes,yes,yes,yes,yes,yes,yes,yes,yes,yes,yes,yes,yes,yes,yes,yes,no,yes,yes,yes,yes,yes,yes,yes,yes,yes,no,32
MSD_CRL_SPN_27,23F,DISEASE,no,yes,yes,yes,yes,yes,yes,no,no,no,no,no,no,no,no,no,yes,no,no,yes,yes,yes,yes,yes,yes,yes,yes,yes,yes,yes,no,no,yes,yes,yes,yes,no,no,no,no,no,no,no,no,no,no,22
MSD_CRL_SPN_28,46,DISEASE,no,yes,yes,yes,yes,yes,yes,yes,yes,yes,no,no,yes,yes,yes,yes,yes,no,no,yes,yes,yes,yes,yes,yes,no,yes,yes,yes,yes,no,no,yes,yes,yes,yes,no,no,no,no,no,no,no,no,no,no,28
MSD_CRL_SPN_29,23F,DISEASE,no,yes,yes,yes,yes,yes,yes,no,no,no,no,no,no,no,no,no,yes,no,no,yes,yes,yes,yes,yes,yes,yes,yes,yes,yes,yes,no,no,yes,yes,yes,yes,no,no,no,no,no,no,no,no,no,no,22
MSD_CRL_SPN_30,35B,CARRIAGE,no,yes,yes,yes,yes,yes,yes,no,no,no,no,no,no,no,no,no,yes,no,no,yes,yes,yes,yes,yes,yes,yes,yes,yes,yes,yes,no,no,yes,yes,yes,yes,yes,yes,yes,no,yes,yes,yes,no,no,no,28
MSD_CRL_SPN_31,09V,DISEASE,no,no,yes,yes,yes,yes,yes,yes,no,no,no,no,no,no,no,no,yes,no,no,yes,yes,yes,yes,yes,yes,yes,yes,yes,yes,yes,no,no,yes,yes,yes,yes,yes,yes,yes,no,yes,yes,yes,no,no,no,28
MSD_CRL_SPN_32,06A,CARRIAGE,no,yes,yes,yes,yes,yes,yes,yes,no,no,no,no,no,no,no,no,yes,no,no,yes,yes,yes,yes,yes,yes,no,yes,yes,yes,yes,no,no,yes,yes,yes,yes,no,no,no,no,no,no,no,no,no,no,22
MSD_CRL_SPN_33,06C,DISEASE,no,yes,yes,yes,yes,yes,yes,no,no,no,no,no,no,no,no,no,yes,no,no,yes,yes,yes,yes,yes,yes,yes,yes,yes,yes,yes,yes,no,yes,yes,yes,yes,no,no,no,yes,no,no,no,yes,yes,no,26
MSD_CRL_SPN_34,09V,CARRIAGE,no,no,yes,yes,yes,yes,yes,yes,no,no,no,no,no,no,no,no,yes,no,no,yes,yes,yes,yes,yes,yes,yes,yes,yes,yes,yes,no,no,yes,yes,yes,yes,yes,yes,yes,no,yes,yes,yes,no,no,no,28
MSD_CRL_SPN_35,19A,CARRIAGE,no,yes,yes,yes,yes,yes,yes,no,no,no,no,no,no,no,no,no,yes,no,no,yes,yes,yes,yes,yes,yes,yes,yes,yes,yes,yes,no,no,yes,yes,yes,yes,no,no,no,no,no,no,no,no,no,no,22
MSD_CRL_SPN_36,16F,DISEASE,no,no,yes,yes,yes,yes,yes,yes,no,no,no,no,no,no,no,no,yes,no,no,yes,yes,yes,yes,yes,yes,yes,yes,yes,yes,yes,no,no,yes,yes,yes,yes,no,no,no,no,no,no,no,no,no,no,22
MSD_CRL_SPN_37,3,CARRIAGE,no,no,yes,yes,yes,yes,yes,yes,no,no,no,no,no,no,no,no,yes,no,no,yes,yes,yes,yes,yes,yes,yes,yes,yes,yes,yes,no,no,yes,yes,yes,yes,yes,yes,yes,no,yes,yes,yes,no,no,no,28
MSD_CRL_SPN_38,6E(6B),CARRIAGE,no,no,yes,yes,yes,yes,yes,no,no,no,no,no,no,no,no,no,yes,no,no,yes,yes,yes,yes,yes,yes,yes,yes,yes,yes,yes,no,no,yes,yes,yes,yes,yes,yes,yes,no,yes,yes,yes,no,no,no,27
MSD_CRL_SPN_39,15B,CARRIAGE,no,yes,yes,yes,yes,yes,yes,yes,no,no,no,no,no,no,no,no,yes,no,yes,yes,yes,yes,yes,yes,yes,yes,yes,yes,yes,yes,no,no,yes,yes,yes,yes,no,no,no,no,no,no,no,no,no,no,24
MSD_CRL_SPN_40,19F,CARRIAGE,no,yes,yes,yes,yes,yes,yes,yes,no,no,no,no,no,no,no,no,yes,no,no,yes,yes,yes,yes,yes,yes,yes,yes,yes,yes,yes,yes,yes,yes,yes,yes,yes,yes,yes,yes,yes,yes,yes,yes,yes,yes,no,34
MSD_CRL_SPN_41,09V,DISEASE,no,no,yes,yes,yes,yes,yes,yes,no,no,no,no,no,no,no,no,yes,no,no,yes,yes,yes,yes,yes,yes,yes,yes,yes,yes,yes,no,no,yes,yes,yes,yes,yes,yes,yes,no,yes,yes,yes,no,no,no,28
MSD_CRL_SPN_42,06A,CARRIAGE,no,yes,yes,yes,yes,yes,yes,yes,no,no,no,no,no,no,no,no,yes,no,no,yes,yes,yes,yes,yes,yes,yes,yes,yes,yes,yes,no,no,yes,yes,yes,yes,no,no,no,no,no,no,no,no,no,no,23
MSD_CRL_SPN_43,6E(6A),DISEASE,no,yes,yes,yes,yes,yes,yes,no,no,no,no,no,no,no,no,no,yes,no,no,yes,yes,yes,yes,yes,yes,yes,yes,yes,yes,yes,no,no,yes,yes,yes,yes,yes,yes,yes,no,yes,yes,yes,no,no,no,28
MSD_CRL_SPN_44,09V,DISEASE,no,no,yes,yes,yes,yes,yes,yes,no,no,no,no,no,no,no,no,yes,no,no,yes,yes,yes,yes,yes,yes,yes,yes,yes,yes,yes,no,no,yes,yes,yes,yes,yes,yes,yes,no,yes,yes,yes,no,no,no,28
MSD_CRL_SPN_45,06A,DISEASE,no,yes,yes,yes,yes,yes,yes,yes,no,no,no,no,no,no,no,no,yes,no,no,yes,yes,yes,yes,yes,yes,no,yes,yes,yes,yes,no,no,yes,yes,yes,yes,no,no,no,no,no,no,no,no,no,no,22
MSD_CRL_SPN_46,4,CARRIAGE,no,yes,yes,yes,yes,yes,yes,yes,yes,yes,yes,yes,yes,yes,yes,yes,yes,no,no,yes,yes,yes,yes,yes,yes,yes,yes,yes,yes,yes,no,no,yes,yes,yes,yes,no,no,no,no,no,no,no,no,no,no,31
MSD_CRL_SPN_47,18C,CARRIAGE,no,yes,yes,yes,yes,yes,yes,yes,no,no,no,no,no,no,no,no,yes,no,no,yes,yes,yes,yes,yes,yes,yes,yes,yes,yes,yes,no,no,yes,yes,yes,yes,no,no,no,no,no,no,no,no,no,no,23
MSD_CRL_SPN_48,13,DISEASE,no,yes,yes,yes,yes,yes,yes,yes,no,no,no,no,no,no,no,no,yes,no,no,yes,yes,yes,yes,yes,yes,yes,yes,yes,yes,yes,no,no,yes,yes,yes,yes,no,no,no,no,no,no,no,no,no,no,23
MSD_CRL_SPN_49,09V,DISEASE,no,no,yes,yes,yes,yes,yes,yes,no,no,no,no,no,no,no,no,yes,no,no,yes,yes,yes,yes,yes,yes,yes,yes,yes,yes,yes,no,no,yes,yes,yes,yes,yes,yes,yes,no,yes,yes,yes,no,no,no,28
MSD_CRL_SPN_50,09A,DISEASE,no,no,yes,yes,yes,yes,yes,yes,no,no,no,no,no,no,no,no,yes,no,no,yes,yes,yes,yes,yes,yes,yes,yes,yes,yes,yes,no,no,yes,yes,yes,yes,yes,yes,yes,no,yes,yes,yes,no,no,no,28
MSD_CRL_SPN_51,06A,CARRIAGE,yes,yes,yes,yes,yes,yes,yes,no,no,no,no,no,no,no,no,no,yes,no,no,yes,yes,yes,yes,yes,yes,no,yes,yes,yes,yes,no,no,yes,yes,yes,yes,no,no,no,no,no,no,no,no,no,no,22
MSD_CRL_SPN_52,19F,CARRIAGE,no,yes,yes,yes,yes,yes,yes,yes,no,no,no,no,no,no,no,no,yes,no,no,yes,yes,yes,yes,yes,yes,yes,yes,yes,yes,yes,no,no,yes,yes,yes,yes,no,no,no,no,no,no,no,no,no,no,23
MSD_CRL_SPN_53,19F,CARRIAGE,no,yes,yes,yes,yes,yes,yes,yes,no,no,no,no,no,no,no,no,yes,no,no,yes,yes,yes,yes,yes,yes,yes,yes,yes,yes,yes,yes,yes,yes,yes,yes,yes,yes,yes,yes,yes,yes,yes,yes,yes,yes,no,34
MSD_CRL_SPN_54,09V,DISEASE,no,yes,yes,yes,yes,yes,yes,yes,no,no,no,no,no,no,no,no,yes,no,no,yes,yes,yes,yes,yes,yes,yes,yes,yes,yes,yes,no,no,yes,yes,yes,yes,yes,yes,yes,no,yes,yes,yes,no,no,no,29
MSD_CRL_SPN_55,3,DISEASE,no,yes,yes,yes,yes,yes,yes,yes,no,no,no,no,no,no,no,no,yes,no,no,yes,yes,yes,yes,yes,yes,no,yes,yes,yes,yes,no,no,yes,yes,yes,yes,no,no,no,no,no,no,no,no,no,no,22
MSD_CRL_SPN_56,06A,CARRIAGE,no,yes,yes,yes,yes,yes,yes,yes,no,no,no,no,no,no,no,no,yes,no,no,yes,yes,yes,yes,yes,yes,yes,yes,yes,yes,yes,no,no,yes,yes,yes,yes,no,no,no,no,no,no,no,no,no,no,23
MSD_CRL_SPN_57,35B,CARRIAGE,no,yes,yes,yes,yes,yes,yes,no,no,no,no,no,no,no,no,no,yes,no,no,yes,yes,yes,yes,yes,yes,yes,yes,yes,yes,yes,no,no,yes,yes,yes,yes,no,no,no,no,no,no,no,no,no,no,22
MSD_CRL_SPN_58,06A,CARRIAGE,no,yes,yes,yes,yes,yes,yes,yes,no,no,no,no,no,no,no,no,yes,no,no,yes,yes,yes,yes,yes,yes,yes,yes,yes,yes,yes,no,no,yes,yes,yes,yes,no,no,no,no,no,no,no,no,no,no,23
MSD_CRL_SPN_59,19F,CARRIAGE,no,yes,yes,yes,yes,yes,yes,yes,no,no,no,no,no,no,no,no,yes,no,no,yes,yes,yes,yes,yes,yes,yes,yes,yes,yes,yes,yes,yes,yes,yes,yes,yes,yes,yes,yes,yes,yes,yes,yes,yes,yes,no,34
MSD_CRL_SPN_60,34,CARRIAGE,yes,yes,yes,yes,yes,yes,yes,no,no,no,no,no,no,no,no,no,yes,no,no,yes,yes,yes,yes,yes,yes,yes,yes,yes,yes,yes,no,no,yes,yes,yes,yes,no,no,no,no,no,no,no,no,no,yes,24
MSD_CRL_SPN_61,19F,CARRIAGE,no,yes,yes,yes,yes,yes,yes,yes,no,no,no,no,no,no,no,no,yes,no,no,yes,yes,yes,yes,yes,yes,yes,yes,yes,yes,yes,yes,yes,yes,yes,yes,yes,yes,yes,yes,yes,yes,yes,yes,yes,yes,no,34
MSD_CRL_SPN_62,34,CARRIAGE,no,yes,yes,yes,yes,yes,yes,no,no,no,no,no,no,no,no,no,yes,no,no,yes,yes,yes,yes,yes,yes,yes,yes,yes,yes,yes,no,no,yes,yes,yes,yes,no,no,no,no,no,no,no,no,no,yes,23
MSD_CRL_SPN_63,34,DISEASE,no,yes,yes,yes,yes,yes,yes,no,no,no,no,no,no,no,no,no,yes,no,no,yes,yes,yes,yes,yes,yes,yes,yes,yes,yes,yes,no,no,yes,yes,yes,yes,no,no,no,no,no,no,no,no,no,yes,23
MSD_CRL_SPN_64,19A,DISEASE,no,yes,yes,yes,yes,yes,yes,no,no,no,no,no,no,no,no,no,yes,no,no,yes,no,yes,yes,yes,yes,yes,yes,yes,yes,yes,no,no,yes,yes,yes,yes,no,no,no,no,no,no,no,no,no,no,21
MSD_CRL_SPN_65,10A,CARRIAGE,no,yes,yes,yes,yes,yes,no,yes,no,no,no,no,no,no,no,no,yes,no,no,yes,yes,yes,yes,yes,yes,yes,yes,yes,yes,yes,no,no,yes,yes,yes,yes,no,no,no,no,no,no,no,no,no,no,22
MSD_CRL_SPN_66,serogroup 24,DISEASE,no,yes,yes,yes,yes,yes,yes,yes,no,no,no,no,no,no,no,no,yes,no,no,yes,yes,yes,yes,yes,yes,yes,yes,yes,yes,yes,no,no,yes,yes,yes,yes,no,no,no,no,no,no,no,no,no,no,23
MSD_CRL_SPN_67,35B,CARRIAGE,yes,yes,yes,yes,yes,yes,yes,no,no,no,no,no,no,no,no,no,yes,no,no,yes,yes,yes,yes,yes,yes,yes,yes,yes,yes,yes,no,no,yes,yes,yes,yes,yes,yes,yes,no,yes,yes,yes,no,no,no,29
MSD_CRL_SPN_68,serogroup 24,DISEASE,no,yes,yes,yes,yes,yes,yes,yes,no,no,no,no,no,no,no,no,yes,no,no,yes,yes,yes,yes,yes,yes,yes,yes,yes,yes,yes,no,no,yes,yes,yes,yes,no,no,no,no,no,no,no,no,no,no,23
MSD_CRL_SPN_69,15A,DISEASE,no,yes,yes,yes,yes,yes,yes,yes,no,no,no,no,no,no,no,no,yes,yes,no,yes,yes,yes,yes,yes,yes,yes,yes,yes,yes,yes,no,no,yes,yes,yes,yes,no,no,no,no,no,no,no,no,no,no,24
MSD_CRL_SPN_70,15A,CARRIAGE,no,yes,yes,yes,yes,yes,yes,yes,no,no,no,no,no,no,no,no,yes,yes,no,yes,yes,yes,yes,yes,yes,yes,yes,yes,yes,yes,no,no,yes,yes,yes,yes,no,no,no,no,no,no,no,no,no,no,24
MSD_CRL_SPN_71,23F,DISEASE,no,yes,yes,yes,yes,yes,yes,no,no,no,no,no,no,no,no,no,yes,no,no,yes,yes,yes,yes,yes,yes,yes,yes,yes,yes,yes,no,no,yes,yes,yes,yes,no,no,no,no,no,no,no,no,no,no,22
MSD_CRL_SPN_72,19A,CARRIAGE,no,yes,yes,yes,yes,yes,yes,no,no,no,no,no,no,no,no,no,yes,no,no,yes,no,yes,yes,yes,yes,yes,yes,yes,yes,yes,no,no,yes,yes,yes,yes,no,no,no,no,no,no,no,no,no,no,21
MSD_CRL_SPN_73,11A,CARRIAGE,no,yes,yes,yes,yes,yes,yes,no,no,no,no,no,no,no,no,no,yes,no,no,yes,yes,yes,yes,yes,yes,yes,yes,yes,yes,yes,no,no,yes,yes,yes,yes,no,no,no,no,no,no,no,no,no,no,22
MSD_CRL_SPN_74,14,CARRIAGE,no,yes,yes,yes,yes,yes,yes,yes,no,no,no,no,no,no,no,no,yes,no,yes,yes,yes,yes,yes,yes,yes,yes,yes,yes,yes,yes,no,no,yes,yes,yes,yes,no,no,no,no,no,no,no,no,no,yes,25
MSD_CRL_SPN_75,23F,CARRIAGE,no,yes,yes,yes,yes,yes,yes,no,no,no,no,no,no,no,no,no,yes,no,no,yes,yes,yes,yes,yes,yes,yes,yes,yes,yes,yes,no,no,yes,yes,yes,yes,no,no,no,no,no,no,no,no,no,no,22
MSD_CRL_SPN_76,16F,DISEASE,no,yes,yes,yes,yes,yes,yes,yes,no,no,no,no,no,no,no,no,yes,no,yes,yes,yes,yes,yes,yes,yes,yes,yes,yes,yes,yes,no,no,yes,yes,yes,yes,no,no,no,no,no,no,no,no,no,no,24
MSD_CRL_SPN_77,31,CARRIAGE,no,yes,yes,yes,yes,yes,yes,no,no,no,no,no,no,no,no,no,yes,no,no,yes,yes,yes,yes,yes,yes,yes,yes,yes,yes,yes,no,no,yes,yes,yes,yes,no,no,no,no,no,no,no,no,no,no,22
MSD_CRL_SPN_78,18C,CARRIAGE,no,yes,yes,yes,yes,yes,yes,yes,no,no,no,no,no,no,no,no,yes,no,no,yes,yes,yes,yes,yes,yes,yes,yes,yes,yes,yes,no,no,yes,yes,yes,yes,no,no,no,no,no,no,no,no,no,no,23
MSD_CRL_SPN_79,15B,CARRIAGE,no,yes,yes,yes,yes,yes,yes,yes,no,no,no,no,no,no,no,no,yes,no,no,yes,yes,yes,yes,yes,yes,yes,yes,yes,yes,yes,no,no,yes,yes,yes,yes,no,no,no,no,no,no,no,no,no,no,23
MSD_CRL_SPN_80,33B,CARRIAGE,no,yes,yes,yes,yes,yes,yes,no,no,no,no,no,no,no,no,no,yes,no,no,yes,yes,yes,yes,yes,yes,yes,yes,yes,yes,yes,no,no,yes,yes,yes,yes,no,no,no,no,no,no,no,no,no,no,22
MSD_CRL_SPN_81,19F,CARRIAGE,no,yes,yes,yes,yes,yes,yes,yes,no,no,no,no,no,no,no,no,yes,no,no,yes,yes,yes,yes,yes,yes,yes,yes,yes,yes,yes,yes,yes,yes,yes,yes,yes,yes,yes,yes,yes,yes,yes,yes,yes,yes,no,34
MSD_CRL_SPN_82,19F,CARRIAGE,no,yes,yes,yes,yes,yes,yes,yes,no,no,no,no,no,no,no,no,yes,no,no,yes,yes,yes,yes,yes,yes,yes,yes,yes,yes,yes,yes,yes,yes,yes,yes,yes,yes,yes,yes,yes,yes,yes,yes,yes,yes,no,34
MSD_CRL_SPN_83,19A,CARRIAGE,no,yes,yes,yes,yes,yes,yes,no,no,no,no,no,no,no,no,no,yes,no,no,yes,yes,yes,yes,yes,yes,yes,yes,yes,yes,yes,no,no,yes,yes,yes,yes,no,no,no,no,no,no,no,no,no,no,22
MSD_CRL_SPN_84,31,CARRIAGE,no,yes,yes,yes,yes,yes,yes,no,no,no,no,no,no,no,no,no,yes,no,no,yes,yes,yes,yes,yes,yes,yes,yes,yes,yes,yes,no,no,yes,yes,yes,yes,no,no,no,no,no,no,no,no,no,no,22
MSD_CRL_SPN_85,19F,CARRIAGE,no,yes,yes,yes,yes,yes,yes,yes,no,no,no,no,no,no,no,no,yes,no,no,yes,yes,yes,yes,yes,yes,yes,yes,yes,yes,yes,no,no,yes,yes,yes,yes,no,no,no,no,no,no,no,no,no,no,23
MSD_CRL_SPN_86,19F,CARRIAGE,no,yes,yes,yes,yes,yes,yes,yes,no,no,no,no,no,no,no,no,yes,no,no,yes,yes,yes,yes,yes,yes,yes,yes,yes,yes,yes,yes,yes,yes,yes,yes,no,yes,yes,yes,yes,yes,yes,yes,yes,yes,no,33
MSD_CRL_SPN_87,19F,CARRIAGE,no,yes,yes,yes,yes,yes,yes,yes,no,no,no,no,no,no,no,no,yes,no,no,yes,yes,yes,yes,yes,yes,yes,yes,yes,yes,yes,yes,yes,yes,yes,yes,yes,yes,yes,yes,yes,yes,yes,yes,yes,yes,no,34
MSD_CRL_SPN_88,11A,DISEASE,no,yes,yes,yes,yes,yes,yes,no,no,no,no,no,no,no,no,no,yes,no,no,yes,yes,yes,yes,yes,yes,yes,yes,yes,yes,yes,no,no,yes,yes,yes,yes,no,no,no,no,no,no,no,no,no,no,22
MSD_CRL_SPN_89,6E(6B),CARRIAGE,no,yes,yes,yes,yes,yes,yes,no,no,no,no,no,no,no,no,no,yes,no,no,yes,yes,yes,yes,yes,yes,yes,yes,yes,yes,yes,no,no,yes,yes,yes,yes,no,no,no,no,no,no,no,no,no,no,22
MSD_CRL_SPN_90,06A,CARRIAGE,no,yes,yes,yes,yes,yes,yes,no,no,no,no,no,no,no,no,no,yes,no,no,yes,yes,yes,yes,yes,yes,no,yes,yes,yes,yes,no,no,yes,yes,yes,yes,no,no,no,no,no,no,no,no,no,no,21
MSD_CRL_SPN_91,14,DISEASE,no,yes,yes,yes,yes,yes,yes,yes,no,no,no,no,no,no,no,no,yes,no,no,yes,yes,yes,yes,yes,yes,yes,yes,yes,yes,yes,no,no,yes,yes,yes,yes,no,no,no,no,no,no,no,no,no,yes,24
MSD_CRL_SPN_92,19A,CARRIAGE,no,no,yes,yes,yes,yes,yes,no,no,no,no,no,no,no,no,no,yes,no,yes,yes,yes,yes,yes,yes,yes,yes,yes,yes,yes,yes,no,no,yes,yes,no,yes,no,no,no,no,no,no,no,no,no,no,21
MSD_CRL_SPN_93,17F,CARRIAGE,no,yes,yes,yes,yes,yes,yes,no,no,no,no,no,no,no,no,no,yes,no,yes,yes,yes,yes,yes,yes,yes,yes,yes,yes,yes,yes,no,no,yes,yes,yes,yes,no,no,no,no,no,no,no,no,no,no,23
MSD_CRL_SPN_94,19F,DISEASE,no,yes,yes,yes,yes,yes,yes,yes,no,no,no,no,no,no,no,no,yes,no,no,yes,yes,yes,yes,yes,yes,yes,yes,yes,yes,yes,yes,yes,yes,yes,yes,yes,yes,yes,yes,yes,yes,yes,yes,yes,yes,no,34
MSD_CRL_SPN_95,19F,CARRIAGE,no,yes,yes,yes,yes,yes,yes,yes,no,no,no,no,no,no,no,no,yes,no,no,yes,yes,yes,yes,yes,yes,yes,yes,yes,yes,yes,yes,yes,yes,yes,yes,yes,yes,yes,yes,yes,yes,yes,yes,yes,yes,no,34
MSD_CRL_SPN_96,19F,CARRIAGE,no,yes,yes,yes,yes,yes,yes,yes,no,no,no,no,no,no,no,no,yes,no,no,yes,yes,yes,yes,yes,yes,yes,yes,yes,yes,yes,yes,yes,yes,yes,yes,yes,yes,yes,yes,yes,yes,yes,yes,yes,yes,no,34
MSD_CRL_SPN_97,6E(6B),CARRIAGE,no,yes,yes,yes,yes,yes,yes,no,no,no,no,no,no,no,no,no,yes,no,no,yes,yes,yes,yes,yes,yes,yes,yes,yes,yes,yes,no,no,yes,yes,yes,yes,yes,yes,yes,no,yes,yes,yes,no,no,no,28
MSD_CRL_SPN_98,19A,DISEASE,no,yes,yes,yes,yes,yes,yes,no,no,no,no,no,no,no,no,no,yes,no,no,yes,yes,yes,yes,yes,yes,yes,yes,yes,yes,yes,yes,yes,yes,yes,yes,yes,yes,yes,yes,yes,yes,yes,yes,yes,yes,no,33
MSD_CRL_SPN_99,15B,DISEASE,no,yes,yes,yes,yes,yes,yes,yes,no,no,no,no,no,no,no,no,yes,yes,no,yes,yes,yes,yes,yes,yes,yes,yes,yes,yes,yes,no,no,yes,yes,yes,yes,no,no,no,no,no,no,no,no,no,no,24